# This is the official list of authors for copyright purposes.
#
# THIS FILE IS MOSTLY AUTO GENERATED. IF YOU'VE MADE A COMMIT TO THE
# REPOSITORY YOU WILL BE ADDED HERE AUTOMATICALLY WITHOUT THE NEED FOR
# ANY MANUAL ACTION.
#
# That said, you are welcome to correct your name or add a nickname / GitHub
# user name as appropriate. The format is:
#
#    Name Name Name (nickname) <email1@example.com> <email2@example.com>
#

4cdn <4cdn@users.noreply.github.com>
Adam Piggott <adam@proactiveservices.co.uk>
Adrian Rudnik <adrian.rudnik@gmail.com>
Alex Chan <alex.chan@metaswitch.com>
Alex Scammon <stackedsax@users.noreply.github.com>
alex2108 <alex2108@users.noreply.github.com>
Alexander Graf <register-github@alex-graf.de>
alexvoda <alexvoda@gmail.com>
Anderson Mesquita <andersonvom@gmail.com>
Andreas Gohr <andi@splitbrain.org>
Andrew Colin Kissa <andrew@topdog.za.net>
Andrey D <scienmind@users.noreply.github.com>
André Colomb <github.com@andre.colomb.de> <src@andre.colomb.de>
André-Patrick Bubel <github@andre-bubel.de>
Antony Male <antony.male@gmail.com>
arneko <schoenheit76@gmx.li>
Arthur Lutz <arthur.lutz@gmail.com>
Audrius Butkevicius <audrius.butkevicius@gmail.com>
Austin S. Hemmelgarn <ahferroin7@gmail.com>
aviau <alexandre@alexandreviau.net>
Benjamin Masters <bencmasters@gmail.com>
bestlibre <github@bestlibre.org>
bigscoop <bigscoop@users.noreply.github.com>
Boris Rybalkin <ribalkin@gmail.com>
Brian <bcb9153@gmail.com>
bugith <bugith@users.noreply.github.com>
C Bhushan <cbhushan@users.noreply.github.com>
calvin ardi <calvin@isi.edu>
Cameron Steffen <cam.steffen94@gmail.com>
Cedric Staniewski <cedric@gmx.ca>
Christian Kellermann <ckeen@pestilenz.org>
Cory Salveson <corysalveson@gmail.com>
Cristian Mircea Messel <mess110@gmail.com>
Cromefire <tim.l@nghorst.net>
cron410 <cron410@gmail.com>
daftaupe <daftaupe@protonmail.com>
Dakota <codabrink@gmail.com>
Daniel O'Connor <darius@dons.net.au>
dinosore <dinosore@users.noreply.github.com> <dinosore@dbrsoftware.co.uk>
djtm <djtm@gmx.net>
Dominik Schrempf <dominik.schrempf@gmail.com>
Duncan Smart <duncan.smart@gmail.com>
Edd Barrett <vext01@gmail.com>
eddsalkield <30939717+eddsalkield@users.noreply.github.com>
Emil Lundberg <emil@emlun.se>
Evgeny Kuznetsov <evgeny@kuznetsov.md>
fejese <github@fejese.com>
Felix Ableitner <me@nutomic.com>
Frank Harper <frank.harper@gmail.com>
Frank Sachsenheim <funkyfuture@users.noreply.github.com>
François-Xavier Gsell <fxgsell@gmail.com>
Gal Szkolnik <gal.github@szkolnik.com>
Gavrilov Aleksej <le9i0nx@gmail.com>
Girish Ramakrishnan <mail@girish.in>
graboluk <graboluk@gmail.com>
HairyFotr <hairyfotr@gmail.com>
Heiko Zuerker <heiko@zuerker.org>
hlovdal <kode@denkule.no>
Ian Sullivan <wikey@users.noreply.github.com>
Iliyan <ili-codes@users.noreply.github.com>
iTob191 <iTob191@users.noreply.github.com>
Jakob Borg <jakob@kastelo.net> <jakob@nym.se>
Jason <whoabuddy@users.noreply.github.com>
Jason Lingohr <lingfish@users.noreply.github.com>
jbratu <jared@thecongruity.com>
Jean-Denis Vauguet <jd@typhon.org>
Jerry Jacobs <jerry@xor-gate.org> <jerry.jacobs@xor-gate.org> <xor-gate@users.noreply.github.com>
Jesse Lucas <jesse@jesselucas.com>
Jimmy Jones <jimmyjones2@gmx.co.uk>
Jo Wouters <jo+github@jwo.be>
jodusnodus <thomas842@hotmail.com>
John Buckley <nhoj.buckley@gmail.com>
Johnny Rock <freekngdom@gmail.com>
JohnVeness <john.veness.github@pelago.org.uk>
Jonathan Cross <jonathancross@users.noreply.github.com>
Jonathan Vasquez <jvasquez1011@gmail.com>
ka7 <ka7@la-evento.com>
Karol Pucyński <9209870+kpucynski@users.noreply.github.com>
kc1212 <kc1212@users.noreply.github.com>
Ken Marsh <10334573+ken-marsh-abb@users.noreply.github.com>
Kiryuu Sakuya <3908746+misaka00251@users.noreply.github.com>
Kramoule <kramoule@gmail.com>
krmathis <krmathis@gmail.com>
Kyle Manna <kyle@kylemanna.com>
Lars K.W. Gohlke <lkwg82@gmx.de>
Laurent Etiemble <laurent.etiemble@gmail.com>
Leo Arias <yo@elopio.net> <leo.arias@canonical.com>
Leo Famulari <lfamular@gmail.com>
Liu Siyuan <liusy182@gmail.com>
Louis Sautier <sautier.louis@gmail.com>
Luni <lunibackup@outlook.com>
Majed Abdulaziz <majed.alhajry@gmail.com> <majedev@users.noreply.github.com>
Marc Laporte <marc@laporte.name>
Marcin Orlowski <MarcinOrlowski@users.noreply.github.com>
Marco Molteni <marco.molteni@laposte.net>
Mariano Rodríguez <marianox1994@gmail.com>
Marius Volkhart <marius@volkhart.com>
Martchus <martchus@gmx.net>
Martin Freund <mfrnd@users.noreply.github.com>
Martin Lazarov <martin@lazarov.bg>
Martin Michlmayr <tbm@cyrius.com>
Marwâne Chahed <beamop@pm.me>
Matt Burke <burkemw3@gmail.com>
Matt Kantor <the.matt.kantor@gmail.com>
Matt Sieren <matthias@s-r-n.de>
Matthew Davis <mlda065@cse.unsw.edu.au>
Matthew Harris <rtpharry@hotmail.com>
Max <maximilian.froehling@web.de> <admin@germancoding.com>
Mike Nolta <mike@nolta.net>
MikeLund <MikeLund>
Mingwei Samuel <mingwei.samuel@gmail.com>
Morphy99 <seb.palacio@gmail.com>
Moviuro <moviuro@users.noreply.github.com>
Nathan Morrison <natemorrison@gmail.com>
NCDanielH <ncdanielh@gmail.com>
NickPyz <iminj1@gmail.com>
Nico Stapelbroek <3368018+nstapelbroek@users.noreply.github.com>
novoid <novoid@users.noreply.github.com>
Oliver Freyermuth <o.freyermuth@googlemail.com>
Otto Jongerius <otto@0tt0.net>
Paweł Woźniak <pawel.wozniak@zoho.com>
Peter Badida <KeyWeeUsr@users.noreply.github.com>
Peter Butkovic <butkovic@gmail.com>
Peter Dave Hello <hsu@peterdavehello.org>
Peter Gervai <grinapo@gmail.com>
Phil Davis <phil.davis@inf.org>
Pierre-Alain TORET <pierre-alain.toret@protonmail.com>
ProactiveServices <ProactiveServices@users.noreply.github.com>
raferobinson <raferobinson@hotmail.com>
Rajshekhar K <22715419+v-sukt@users.noreply.github.com>
Reto Kaiser <reto@retokaiser.com>
rollbrettler <rollbrettler@users.noreply.github.com>
Romain Gay <vikarious@gmail.com>
sa3dany <21214427+sa3dany@users.noreply.github.com>
Samuel Li <shaomeng@users.noreply.github.com>
Samuel Smoker <classicsc@users.noreply.github.com>
Sanjeev Gupta <ghane0@gmail.com>
schnappijedi <twocool@tutanota.com>
Scott Hansen <firecat4153@gmail.com>
Scott Klupfel <kluppy@gmail.com>
Sergio Livi <sergio.asanmichele@gmail.com>
Simon Frei <freisim93@gmail.com>
simplypeachy <simplypeachy@users.noreply.github.com>
Stefaan Ghysels <stefaang@gmail.com>
Stefan Kuntz <stefan.github@gmail.com>
Stefan Tatschner <rumpelsepp@sevenbyte.org> <stefan.tatschner@aisec.fraunhofer.de> <stefan@sevenbyte.org>
Stefan-Code <Stefan.github@gmail.com>
StefanKopieczek <stefankopieczek@gmail.com>
Stefano Probst <senden9@gmail.com>
Stephen <stephen+github@mailbox.org>
Sébastien Wains <tdci100@gmail.com>
terrycloth <andrew@tosk.in>
terzinnorbert <terzin.norbert@gmail.com>
theincogtion <theincogtion@posteo.eu>
Thomas Dalichow <2019-01-17.github.com@thomasdalichow.de>
Thovthe <3664947+Thovthe@users.noreply.github.com>
Tim Boudreau <tim@timboudreau.com>
Tobbe <7713259+DrTobe@users.noreply.github.com>
Tom Hale <HaleTom@users.noreply.github.com>
Tomasz Wilczyński <twilczynski@naver.com> <5626656+tomasz1986@users.noreply.github.com>
tuathail <ciaran.otuathail@gmail.com>
twomice <publicnet@fastmail.fm>
Tyler Kropp <kropptyler@gmail.com>
uglygus <cooperbattersby@gmail.com>
Unrud <unrud@openaliasbox.org> <Unrud@users.noreply.github.com>
Valerii Hiora <valerii.hiora@gmail.com>
Vincent Ardern <v.ardern@gmail.com>
Vincent Rischmann <me@vrischmann.me>
Vium <krull.frederik+github@gmail.com>
Wieland Hoffmann <mineo@users.noreply.github.com>
Willem Oosting <woosting@users.noreply.github.com>
Wulf Weich <wweich@gmx.de> <wweich@users.noreply.github.com>
zertrin <zrk951@gmail.com>
Zillode <zillode@zillode.be>
